"Name","Location","Function Signature","Function Size"
"FUN_080000c0","080000c0","undefined FUN_080000c0()","52"
"FUN_080003a8","080003a8","undefined FUN_080003a8()","384"
"FUN_080005ac","080005ac","undefined FUN_080005ac()","238"
"FUN_080006d0","080006d0","undefined FUN_080006d0()","24"
"FUN_08000724","08000724","undefined FUN_08000724()","68"
"FUN_08000778","08000778","undefined FUN_08000778()","106"
"FUN_080007fc","080007fc","undefined FUN_080007fc()","530"
"FUN_08000a2c","08000a2c","undefined FUN_08000a2c()","642"
"FUN_08000cf4","08000cf4","undefined FUN_08000cf4()","230"
"FUN_08000e04","08000e04","undefined FUN_08000e04()","2040"
"FUN_080016c4","080016c4","undefined FUN_080016c4()","412"
"FUN_0800186c","0800186c","undefined FUN_0800186c()","468"
"FUN_08001b0c","08001b0c","undefined FUN_08001b0c()","3062"
"FUN_0800290c","0800290c","undefined FUN_0800290c()","176"
"FUN_080029bc","080029bc","undefined FUN_080029bc(undefined param_1\, undefined param_2\, undefined param_3\, undefined param_4\, undefined4 param_5\, undefined4 param_6)","2288"
"FUN_080033b4","080033b4","undefined FUN_080033b4()","82"
"FUN_08003414","08003414","undefined FUN_08003414()","20"
"FUN_08003428","08003428","undefined FUN_08003428()","22"
"caseD_3","0800343e","undefined caseD_3(undefined param_1\, undefined param_2\, undefined param_3\, undefined param_4\, undefined4 param_5\, undefined4 param_6)","56"
"FUN_08003488","08003488","undefined FUN_08003488()","58"
"FUN_080034c2","080034c2","undefined FUN_080034c2()","34"
"FUN_080034f0","080034f0","undefined FUN_080034f0()","406"
"FUN_080036dc","080036dc","undefined FUN_080036dc()","184"
"FUN_08003798","08003798","undefined FUN_08003798(undefined param_1\, undefined param_2\, undefined param_3\, undefined param_4\, undefined4 param_5\, undefined4 param_6\, undefined4 param_7\, undefined4 param_8\, undefined4 param_9\, undefined4 param_10\, undefined4 param_11\, undefined4 param_12)","2254"
"FUN_080040fa","080040fa","undefined FUN_080040fa(undefined param_1\, undefined param_2\, undefined param_3\, undefined param_4\, undefined4 param_5)","18"
"FUN_0800410c","0800410c","undefined FUN_0800410c(undefined param_1\, undefined param_2\, undefined param_3\, undefined param_4\, undefined param_5\, undefined param_6\, undefined param_7\, undefined param_8\, undefined param_9\, undefined param_10\, undefined4 param_11)","734"
"FUN_08004434","08004434","undefined FUN_08004434()","16"
"FUN_0800444c","0800444c","undefined FUN_0800444c()","994"
"FUN_0800486c","0800486c","undefined FUN_0800486c()","2484"
"FUN_080052e8","080052e8","undefined FUN_080052e8()","16"
"FUN_08005310","08005310","undefined FUN_08005310()","1506"
"FUN_0800597c","0800597c","undefined FUN_0800597c()","1846"
"FUN_08006134","08006134","undefined FUN_08006134()","1370"
"FUN_080066d8","080066d8","undefined FUN_080066d8()","92"
"FUN_0800673c","0800673c","undefined FUN_0800673c()","502"
"FUN_080069ac","080069ac","undefined FUN_080069ac()","888"
"FUN_08006e64","08006e64","undefined FUN_08006e64()","346"
"FUN_08006ff4","08006ff4","undefined FUN_08006ff4()","1144"
"FUN_080074a8","080074a8","undefined FUN_080074a8()","1356"
"FUN_08007e24","08007e24","undefined FUN_08007e24()","68"
"FUN_08007e9c","08007e9c","undefined FUN_08007e9c()","38"
"FUN_08007ec8","08007ec8","undefined FUN_08007ec8()","136"
"FUN_0800964c","0800964c","undefined FUN_0800964c()","22"
"FUN_0800b086","0800b086","undefined FUN_0800b086()","6"
"FUN_0800b098","0800b098","undefined FUN_0800b098()","26"
"FUN_0800baa4","0800baa4","undefined FUN_0800baa4()","6"
"FUN_0800baac","0800baac","undefined FUN_0800baac()","206"
"FUN_0800bb88","0800bb88","undefined FUN_0800bb88()","1458"
"FUN_0800c1c8","0800c1c8","undefined FUN_0800c1c8(undefined param_1\, undefined param_2\, undefined param_3\, undefined param_4\, undefined4 param_5\, undefined4 param_6\, undefined4 param_7\, undefined4 param_8\, undefined4 param_9\, undefined4 param_10\, undefined4 param_11)","512"
"FUN_0800c728","0800c728","undefined FUN_0800c728()","88"
"FUN_0800c780","0800c780","undefined FUN_0800c780(undefined param_1\, undefined param_2\, undefined param_3\, undefined param_4\, undefined param_5\, undefined param_6\, undefined param_7\, undefined param_8\, undefined param_9\, undefined param_10\, undefined4 param_11\, undefined4 param_12)","66"
"FUN_0800cec8","0800cec8","undefined FUN_0800cec8(undefined param_1\, undefined param_2\, undefined param_3\, undefined param_4\, undefined4 param_5\, undefined4 param_6\, undefined4 param_7\, undefined4 param_8\, undefined4 param_9\, undefined4 param_10\, undefined4 param_11\, undefined1 param_12\, undefined1 param_13\, undefined2 param_14\, undefined2 param_15\, undefined2 param_16\, undefined1 param_17\, undefined1 param_18\, undefined2 param_19\, undefined2 param_20\, undefined2 param_21\, undefined2 param_22\, undefined4 param_23\, undefined4 param_24\, undefined4 param_25\, undefined4 param_26\, undefined4 param_27\, undefined4 param_28\, undefined4 param_29\, undefined4 param_30\, undefined4 param_31\, undefined4 param_32\, undefined4 param_33\, undefined4 param_34\, undefined4 param_35\, undefined4 param_36\, undefined4 param_37\, undefined4 param_38\, undefined4 param_39\, undefined4 param_40\, undefined4 param_41\, undefined4 param_42\, undefined4 param_43)","6046"
"FUN_0800eaec","0800eaec","undefined FUN_0800eaec(undefined param_1\, undefined param_2\, undefined param_3\, undefined param_4\, undefined4 param_5\, undefined4 param_6\, undefined4 param_7\, undefined4 param_8\, undefined4 param_9\, undefined4 param_10\, undefined4 param_11)","1318"
"FUN_0800f024","0800f024","undefined FUN_0800f024()","4"
"FUN_0800f028","0800f028","undefined FUN_0800f028(undefined param_1\, undefined param_2\, undefined param_3\, undefined param_4\, undefined param_5\, undefined param_6\, undefined param_7\, undefined param_8\, undefined param_9\, undefined param_10\, undefined4 param_11)","104"
"FUN_0800f0ac","0800f0ac","undefined FUN_0800f0ac(undefined param_1\, undefined param_2\, undefined param_3\, undefined param_4\, undefined4 param_5\, undefined4 param_6\, undefined4 param_7\, undefined param_8\, undefined4 param_9\, undefined4 param_10)","744"
"FUN_0800f3c4","0800f3c4","undefined FUN_0800f3c4()","386"
"FUN_0800f5bc","0800f5bc","undefined FUN_0800f5bc()","1022"
"FUN_0800f9c0","0800f9c0","undefined FUN_0800f9c0()","886"
"FUN_0800fd8c","0800fd8c","undefined FUN_0800fd8c()","52"
"FUN_0800fdc8","0800fdc8","undefined FUN_0800fdc8()","28"
"FUN_08010f1e","08010f1e","undefined FUN_08010f1e()","134"
"FUN_0801103c","0801103c","undefined FUN_0801103c()","24"
"FUN_08011c32","08011c32","undefined FUN_08011c32()","6"
"FUN_08011c7c","08011c7c","undefined FUN_08011c7c()","2138"
"FUN_080125dc","080125dc","undefined FUN_080125dc(undefined param_1\, undefined param_2\, undefined param_3\, undefined param_4\, undefined4 param_5\, undefined4 param_6)","466"
"FUN_080127d0","080127d0","undefined FUN_080127d0(undefined param_1\, undefined param_2\, undefined param_3\, undefined param_4\, undefined4 param_5\, undefined4 param_6\, undefined4 param_7\, undefined4 param_8)","882"
"FUN_08012b60","08012b60","undefined FUN_08012b60()","48"
"FUN_08012b98","08012b98","undefined FUN_08012b98()","988"
"FUN_08013214","08013214","undefined FUN_08013214()","62"
"FUN_08015370","08015370","undefined FUN_08015370()","4"
"FUN_08015374","08015374","undefined FUN_08015374()","16"
"FUN_08015384","08015384","undefined FUN_08015384()","66"
"FUN_080153e0","080153e0","undefined FUN_080153e0()","150"
"FUN_08015498","08015498","undefined FUN_08015498()","830"
"FUN_0801584c","0801584c","undefined FUN_0801584c()","6"
"FUN_08015858","08015858","undefined FUN_08015858()","82"
"FUN_080158c0","080158c0","undefined FUN_080158c0()","28"
"FUN_080158e4","080158e4","undefined FUN_080158e4()","46"
"FUN_08015924","08015924","undefined FUN_08015924(undefined param_1\, undefined param_2\, undefined param_3\, undefined param_4\, undefined4 param_5)","910"
"FUN_08015e30","08015e30","undefined FUN_08015e30(undefined param_1\, undefined param_2\, undefined param_3\, undefined param_4\, undefined4 param_5)","262"
"FUN_08015f40","08015f40","undefined FUN_08015f40()","18"
"FUN_08015f58","08015f58","undefined FUN_08015f58()","14"
"FUN_08015f6c","08015f6c","undefined FUN_08015f6c()","52"
"FUN_08015fa4","08015fa4","undefined FUN_08015fa4()","186"
"FUN_08016078","08016078","undefined FUN_08016078()","448"
"FUN_080163c0","080163c0","undefined FUN_080163c0()","92"
"FUN_08016438","08016438","undefined FUN_08016438(undefined param_1\, undefined param_2\, undefined param_3\, undefined param_4\, undefined4 param_5\, undefined4 param_6\, undefined4 param_7\, undefined4 param_8)","556"
"FUN_08016684","08016684","undefined FUN_08016684()","672"
"FUN_0801694c","0801694c","undefined FUN_0801694c()","232"
"FUN_08016a44","08016a44","undefined FUN_08016a44()","218"
"FUN_08016b30","08016b30","undefined FUN_08016b30()","36"
"FUN_080175aa","080175aa","undefined FUN_080175aa()","28"
"FUN_080175d4","080175d4","undefined FUN_080175d4()","176"
"FUN_08017690","08017690","undefined FUN_08017690()","70"
"FUN_080176e4","080176e4","undefined FUN_080176e4()","192"
"FUN_080177b8","080177b8","undefined FUN_080177b8()","262"
"FUN_080178d0","080178d0","undefined FUN_080178d0()","138"
"FUN_08017964","08017964","undefined FUN_08017964()","98"
"FUN_080179d0","080179d0","undefined FUN_080179d0()","142"
"FUN_08017a80","08017a80","undefined FUN_08017a80()","220"
"FUN_08017b74","08017b74","undefined FUN_08017b74()","200"
"FUN_08017c5c","08017c5c","undefined FUN_08017c5c()","16"
"FUN_08017c74","08017c74","undefined FUN_08017c74()","46"
"FUN_08017cb0","08017cb0","undefined FUN_08017cb0()","30"
"FUN_08017cd8","08017cd8","undefined FUN_08017cd8()","18"
"FUN_08017cf4","08017cf4","undefined FUN_08017cf4()","98"
"FUN_08017d58","08017d58","undefined FUN_08017d58()","28"
"FUN_08017d78","08017d78","undefined FUN_08017d78()","86"
"FUN_08017de8","08017de8","undefined FUN_08017de8()","90"
"FUN_08017e5c","08017e5c","undefined FUN_08017e5c()","90"
"FUN_08017ed0","08017ed0","undefined FUN_08017ed0()","16"
"FUN_08017eec","08017eec","undefined FUN_08017eec()","12"
"FUN_08017f00","08017f00","undefined FUN_08017f00()","44"
"FUN_08017f34","08017f34","undefined FUN_08017f34()","28"
"FUN_08017f58","08017f58","undefined FUN_08017f58()","10"
"FUN_08017f6c","08017f6c","undefined FUN_08017f6c()","10"
"FUN_08017f80","08017f80","undefined FUN_08017f80()","44"
"FUN_08017fb0","08017fb0","undefined FUN_08017fb0()","72"
"FUN_08018004","08018004","undefined FUN_08018004(undefined param_1\, undefined param_2\, undefined param_3\, undefined param_4\, undefined4 param_5\, undefined4 param_6\, undefined4 param_7\, undefined4 param_8\, undefined4 param_9)","128"
"FUN_0801808c","0801808c","undefined FUN_0801808c()","68"
"FUN_080180d4","080180d4","undefined FUN_080180d4()","22"
"FUN_080180f0","080180f0","undefined FUN_080180f0()","118"
"FUN_0801816c","0801816c","undefined FUN_0801816c()","134"
"FUN_08018204","08018204","undefined FUN_08018204()","62"
"FUN_0801824c","0801824c","undefined FUN_0801824c()","78"
"FUN_080182ac","080182ac","undefined FUN_080182ac()","44"
"FUN_080182e4","080182e4","undefined FUN_080182e4()","22"
"FUN_08018300","08018300","undefined FUN_08018300()","18"
"FUN_08018318","08018318","undefined FUN_08018318()","100"
"FUN_08018390","08018390","undefined FUN_08018390()","8"
"FUN_0801839c","0801839c","undefined FUN_0801839c()","30"
"FUN_080183d0","080183d0","undefined FUN_080183d0(undefined param_1\, undefined param_2\, undefined param_3\, undefined param_4\, undefined4 param_5\, undefined4 param_6)","54"
"FUN_08018444","08018444","undefined FUN_08018444()","102"
"FUN_080184c8","080184c8","undefined FUN_080184c8()","60"
"FUN_08018530","08018530","undefined FUN_08018530()","52"
"FUN_0801856c","0801856c","undefined FUN_0801856c()","46"
"FUN_08018654","08018654","undefined FUN_08018654()","14"
"FUN_08018678","08018678","undefined FUN_08018678()","150"
"FUN_08018730","08018730","undefined FUN_08018730()","276"
"FUN_0801886c","0801886c","undefined FUN_0801886c()","158"
"FUN_08018918","08018918","undefined FUN_08018918()","354"
"FUN_08018a8c","08018a8c","undefined FUN_08018a8c()","124"
"FUN_08018b24","08018b24","undefined FUN_08018b24()","224"
"FUN_08018c20","08018c20","undefined FUN_08018c20()","22"
"FUN_08018c3c","08018c3c","undefined FUN_08018c3c()","52"
"FUN_08018c8c","08018c8c","undefined FUN_08018c8c()","1140"
"FUN_080191a8","080191a8","undefined FUN_080191a8()","92"
"FUN_08019220","08019220","undefined FUN_08019220()","68"
"FUN_08019274","08019274","undefined FUN_08019274(undefined param_1\, undefined param_2\, undefined param_3\, undefined param_4\, undefined4 param_5)","242"
"FUN_080193b4","080193b4","undefined FUN_080193b4()","256"
"FUN_080194d0","080194d0","undefined FUN_080194d0()","44"
"FUN_0801950c","0801950c","undefined FUN_0801950c()","18"
"FUN_08019520","08019520","undefined FUN_08019520()","64"
"FUN_08019568","08019568","undefined FUN_08019568()","384"
"FUN_0801974c","0801974c","undefined FUN_0801974c()","146"
"FUN_08019814","08019814","undefined FUN_08019814()","122"
"FUN_080198b0","080198b0","undefined FUN_080198b0()","594"
"FUN_08019b5c","08019b5c","undefined FUN_08019b5c()","760"
"FUN_08019ed8","08019ed8","undefined FUN_08019ed8()","232"
"FUN_0801a04c","0801a04c","undefined FUN_0801a04c()","382"
"FUN_0801a228","0801a228","undefined FUN_0801a228()","994"
"FUN_0801a61c","0801a61c","undefined FUN_0801a61c()","122"
"FUN_0801a6a8","0801a6a8","undefined FUN_0801a6a8()","354"
"FUN_0801aadc","0801aadc","undefined FUN_0801aadc()","140"
"FUN_0801b394","0801b394","undefined FUN_0801b394()","1976"
"FUN_0801bcac","0801bcac","undefined FUN_0801bcac()","200"
"FUN_0801c090","0801c090","undefined FUN_0801c090()","428"
"FUN_0801c770","0801c770","undefined FUN_0801c770()","170"
"FUN_0801c85c","0801c85c","undefined FUN_0801c85c()","70"
"FUN_0801c968","0801c968","undefined FUN_0801c968()","1096"
"FUN_0801ce70","0801ce70","undefined FUN_0801ce70()","22"
"FUN_0801ce8c","0801ce8c","undefined FUN_0801ce8c()","88"
"FUN_0801cfc8","0801cfc8","undefined FUN_0801cfc8()","146"
"FUN_0801d068","0801d068","undefined FUN_0801d068()","264"
"FUN_0801d188","0801d188","undefined FUN_0801d188()","110"
"FUN_0801d200","0801d200","undefined FUN_0801d200()","126"
"FUN_0801d288","0801d288","undefined FUN_0801d288()","202"
"FUN_0801d408","0801d408","undefined FUN_0801d408()","356"
"FUN_0801d5d4","0801d5d4","undefined FUN_0801d5d4()","58"
"FUN_0801d870","0801d870","undefined FUN_0801d870()","108"
"FUN_0801d9e0","0801d9e0","undefined FUN_0801d9e0()","194"
"FUN_0801db4c","0801db4c","undefined FUN_0801db4c()","108"
"FUN_0801dbd0","0801dbd0","undefined FUN_0801dbd0()","504"
"FUN_0801de5c","0801de5c","undefined FUN_0801de5c()","80"
"FUN_0801debc","0801debc","undefined FUN_0801debc()","80"
"FUN_0801df1c","0801df1c","undefined FUN_0801df1c()","80"
"FUN_0801df7c","0801df7c","undefined FUN_0801df7c()","80"
"FUN_0801e0c4","0801e0c4","undefined FUN_0801e0c4()","140"
"FUN_0801e2c8","0801e2c8","undefined FUN_0801e2c8()","108"
"FUN_0801e3cc","0801e3cc","undefined FUN_0801e3cc()","64"
"FUN_0801e62c","0801e62c","undefined FUN_0801e62c()","98"
"FUN_0801e6a0","0801e6a0","undefined FUN_0801e6a0()","662"
"FUN_0801e99c","0801e99c","undefined FUN_0801e99c()","68"
"FUN_0801e9ec","0801e9ec","undefined FUN_0801e9ec()","60"
"FUN_0801eb50","0801eb50","undefined FUN_0801eb50()","52"
"FUN_0801ebb0","0801ebb0","undefined FUN_0801ebb0()","52"
"FUN_0801ec10","0801ec10","undefined FUN_0801ec10()","66"
"FUN_0801ec64","0801ec64","undefined FUN_0801ec64()","66"
"FUN_0801ecb8","0801ecb8","undefined FUN_0801ecb8()","66"
"FUN_0801ed0c","0801ed0c","undefined FUN_0801ed0c()","52"
"FUN_0801ed6c","0801ed6c","undefined FUN_0801ed6c()","66"
"FUN_0801eddc","0801eddc","undefined FUN_0801eddc()","66"
"FUN_0801ee4c","0801ee4c","undefined FUN_0801ee4c()","70"
"FUN_0801eee0","0801eee0","undefined FUN_0801eee0()","40"
"FUN_0801f024","0801f024","undefined FUN_0801f024()","6"
"FUN_0801f128","0801f128","undefined FUN_0801f128()","154"
"FUN_0801f274","0801f274","undefined FUN_0801f274()","134"
"FUN_0801f308","0801f308","undefined FUN_0801f308()","18"
"FUN_0801f524","0801f524","undefined FUN_0801f524()","76"
"FUN_0801f578","0801f578","undefined FUN_0801f578()","108"
"FUN_0801f5ec","0801f5ec","undefined FUN_0801f5ec()","16"
"FUN_0801f600","0801f600","undefined FUN_0801f600()","10"
"FUN_0801f60c","0801f60c","undefined FUN_0801f60c()","10"
"FUN_0801f618","0801f618","undefined FUN_0801f618()","14"
"FUN_0801f638","0801f638","undefined FUN_0801f638()","10"
"FUN_0801f644","0801f644","undefined FUN_0801f644()","32"
"FUN_0801f66c","0801f66c","undefined FUN_0801f66c()","42"
"FUN_0801f6a0","0801f6a0","undefined FUN_0801f6a0()","42"
"FUN_0801f718","0801f718","undefined FUN_0801f718()","36"
"FUN_0801f744","0801f744","undefined FUN_0801f744()","36"
"FUN_0801f770","0801f770","undefined FUN_0801f770()","14"
"FUN_0801f780","0801f780","undefined FUN_0801f780()","60"
"FUN_0801f7d0","0801f7d0","undefined FUN_0801f7d0()","186"
"FUN_0801f89c","0801f89c","undefined FUN_0801f89c()","30"
"FUN_0801f8c0","0801f8c0","undefined FUN_0801f8c0()","72"
"FUN_0801f914","0801f914","undefined FUN_0801f914()","24"
"FUN_0801f92c","0801f92c","undefined FUN_0801f92c()","76"
"FUN_0801f978","0801f978","undefined FUN_0801f978()","46"
"FUN_0801f9a8","0801f9a8","undefined FUN_0801f9a8()","46"
"FUN_0801f9e8","0801f9e8","undefined FUN_0801f9e8()","158"
"FUN_0801fab0","0801fab0","undefined FUN_0801fab0()","152"
"FUN_0801fb60","0801fb60","undefined FUN_0801fb60()","32"
"FUN_0801fb94","0801fb94","undefined FUN_0801fb94()","8"
"FUN_0801fba0","0801fba0","undefined FUN_0801fba0()","48"
"FUN_0801fbd8","0801fbd8","undefined FUN_0801fbd8()","28"
"FUN_0801fbfc","0801fbfc","undefined FUN_0801fbfc()","50"
"FUN_0801fc30","0801fc30","undefined FUN_0801fc30()","26"
"FUN_0801fc54","0801fc54","undefined FUN_0801fc54()","8"
"FUN_0801fc60","0801fc60","undefined FUN_0801fc60()","104"
"FUN_0801fcd8","0801fcd8","undefined FUN_0801fcd8()","54"
"FUN_0801fd18","0801fd18","undefined FUN_0801fd18()","120"
"FUN_0801fda0","0801fda0","undefined FUN_0801fda0()","280"
"FUN_0801fed8","0801fed8","undefined FUN_0801fed8()","70"
"FUN_0801ff30","0801ff30","undefined FUN_0801ff30()","106"
"FUN_0801ffa4","0801ffa4","undefined FUN_0801ffa4()","42"
"FUN_080200bc","080200bc","undefined FUN_080200bc()","22"
"FUN_080200d8","080200d8","undefined FUN_080200d8(undefined param_1\, undefined param_2\, undefined param_3\, undefined param_4\, undefined4 param_5)","26"
"FUN_08020134","08020134","undefined FUN_08020134()","10"
"FUN_08020144","08020144","undefined FUN_08020144()","16"
"FUN_08020160","08020160","undefined FUN_08020160()","40"
"FUN_08020198","08020198","undefined FUN_08020198()","86"
"FUN_080201f8","080201f8","undefined FUN_080201f8()","28"
"FUN_0802021c","0802021c","undefined FUN_0802021c()","34"
"FUN_08020244","08020244","undefined FUN_08020244()","238"
"FUN_08020360","08020360","undefined FUN_08020360()","8"
"FUN_0802036c","0802036c","undefined FUN_0802036c()","48"
"FUN_080203a4","080203a4","undefined FUN_080203a4(undefined param_1\, undefined param_2\, undefined param_3\, undefined param_4\, undefined4 param_5)","90"
"FUN_08020408","08020408","undefined FUN_08020408()","48"
"FUN_08020440","08020440","undefined FUN_08020440()","50"
"FUN_0802047c","0802047c","undefined FUN_0802047c()","50"
"FUN_080204b8","080204b8","undefined FUN_080204b8()","62"
"FUN_08020500","08020500","undefined FUN_08020500()","198"
"FUN_080205d0","080205d0","undefined FUN_080205d0()","146"
"FUN_0802067c","0802067c","undefined FUN_0802067c()","104"
"FUN_080206ec","080206ec","undefined FUN_080206ec()","126"
"FUN_08020774","08020774","undefined FUN_08020774()","120"
"FUN_080207ec","080207ec","undefined FUN_080207ec()","68"
"FUN_08020840","08020840","undefined FUN_08020840()","72"
"FUN_08020898","08020898","undefined FUN_08020898()","68"
"FUN_080208ec","080208ec","undefined FUN_080208ec()","72"
"FUN_08020944","08020944","undefined FUN_08020944()","38"
"FUN_08020978","08020978","undefined FUN_08020978()","322"
"FUN_08020ad0","08020ad0","undefined FUN_08020ad0()","132"
"FUN_08020b74","08020b74","undefined FUN_08020b74(undefined param_1\, undefined param_2\, undefined param_3\, undefined param_4\, undefined4 param_5)","150"
"FUN_08020c24","08020c24","undefined FUN_08020c24(undefined param_1\, undefined param_2\, undefined param_3\, undefined param_4\, undefined4 param_5)","242"
"FUN_08020e28","08020e28","undefined FUN_08020e28()","128"
"FUN_08020ecc","08020ecc","undefined FUN_08020ecc(undefined param_1\, undefined param_2\, undefined param_3\, undefined param_4\, undefined4 param_5\, undefined4 param_6)","70"
"FUN_08020f18","08020f18","undefined FUN_08020f18()","70"
"FUN_08020f64","08020f64","undefined FUN_08020f64()","14"
"FUN_08020f78","08020f78","undefined FUN_08020f78()","46"
"FUN_08020fac","08020fac","undefined FUN_08020fac()","12"
"FUN_08020fbc","08020fbc","undefined FUN_08020fbc()","68"
"FUN_08021000","08021000","undefined FUN_08021000(undefined param_1\, undefined param_2\, undefined param_3\, undefined param_4\, undefined4 param_5)","78"
"FUN_080210d8","080210d8","undefined FUN_080210d8()","24"
"FUN_0802110c","0802110c","undefined FUN_0802110c()","16"
"FUN_08021128","08021128","undefined FUN_08021128()","80"
"FUN_08021180","08021180","undefined FUN_08021180()","84"
"FUN_080211d8","080211d8","undefined FUN_080211d8()","16"
"FUN_080211f0","080211f0","undefined FUN_080211f0()","72"
"FUN_08021244","08021244","undefined FUN_08021244()","30"
"FUN_08021268","08021268","undefined FUN_08021268()","330"
"FUN_08021484","08021484","undefined FUN_08021484()","56"
"FUN_080214c0","080214c0","undefined FUN_080214c0()","66"
"FUN_08021518","08021518","undefined FUN_08021518()","18"
"FUN_08021534","08021534","undefined FUN_08021534()","40"
"FUN_08021564","08021564","undefined FUN_08021564()","28"
"FUN_0802158c","0802158c","undefined FUN_0802158c()","18"
"FUN_080215a8","080215a8","undefined FUN_080215a8()","260"
"FUN_080216e4","080216e4","undefined FUN_080216e4()","208"
"FUN_080217d0","080217d0","undefined FUN_080217d0()","156"
"FUN_0802188c","0802188c","undefined FUN_0802188c()","24"
"FUN_080218ac","080218ac","undefined FUN_080218ac()","48"
"FUN_080218dc","080218dc","undefined FUN_080218dc()","58"
"FUN_08021920","08021920","undefined FUN_08021920()","76"
"FUN_08021980","08021980","undefined FUN_08021980()","80"
"FUN_080219e4","080219e4","undefined FUN_080219e4()","40"
"FUN_08021a10","08021a10","undefined FUN_08021a10()","42"
"FUN_08021a40","08021a40","undefined FUN_08021a40()","58"
"FUN_08021a84","08021a84","undefined FUN_08021a84()","114"
"FUN_08021b0c","08021b0c","undefined FUN_08021b0c()","486"
"FUN_08021e48","08021e48","undefined FUN_08021e48()","32"
"FUN_08021e70","08021e70","undefined FUN_08021e70()","36"
"FUN_08021ec8","08021ec8","undefined FUN_08021ec8()","48"
"FUN_08021f34","08021f34","undefined FUN_08021f34()","188"
"FUN_08022004","08022004","undefined FUN_08022004()","142"
"FUN_080220a4","080220a4","undefined FUN_080220a4()","262"
"FUN_080221e0","080221e0","undefined FUN_080221e0()","150"
"FUN_080222c4","080222c4","undefined FUN_080222c4()","246"
"FUN_080223d8","080223d8","undefined FUN_080223d8()","118"
"FUN_08022464","08022464","undefined FUN_08022464()","792"
"FUN_080227ec","080227ec","undefined FUN_080227ec()","102"
"FUN_08022864","08022864","undefined FUN_08022864()","238"
"FUN_0802296c","0802296c","undefined FUN_0802296c()","118"
"FUN_080229f4","080229f4","undefined FUN_080229f4()","154"
"FUN_08022adc","08022adc","undefined FUN_08022adc()","302"
"FUN_08022c2c","08022c2c","undefined FUN_08022c2c()","92"
"FUN_08022cac","08022cac","undefined FUN_08022cac()","222"
"FUN_08022db8","08022db8","undefined FUN_08022db8()","116"
"FUN_08022e38","08022e38","undefined FUN_08022e38()","238"
"FUN_08022f40","08022f40","undefined FUN_08022f40()","76"
"FUN_08022fa8","08022fa8","undefined FUN_08022fa8()","84"
"FUN_08023064","08023064","undefined FUN_08023064()","340"
"FUN_08023218","08023218","undefined FUN_08023218()","960"
"FUN_080236bc","080236bc","undefined FUN_080236bc()","96"
"FUN_08023728","08023728","undefined FUN_08023728()","238"
"FUN_08023830","08023830","undefined FUN_08023830()","84"
"FUN_080238d0","080238d0","undefined FUN_080238d0()","74"
"FUN_0802392c","0802392c","undefined FUN_0802392c()","68"
"FUN_08023b54","08023b54","undefined FUN_08023b54()","698"
"FUN_08023ea8","08023ea8","undefined FUN_08023ea8()","588"
"FUN_08024170","08024170","undefined FUN_08024170()","132"
"FUN_08024204","08024204","undefined FUN_08024204()","84"
"FUN_0802426c","0802426c","undefined FUN_0802426c()","68"
"FUN_080242bc","080242bc","undefined FUN_080242bc()","56"
"FUN_08024304","08024304","undefined FUN_08024304()","76"
"FUN_080243a4","080243a4","undefined FUN_080243a4()","42"
"FUN_0802440c","0802440c","undefined FUN_0802440c()","82"
"FUN_0802446c","0802446c","undefined FUN_0802446c()","54"
"FUN_08024540","08024540","undefined FUN_08024540()","48"
"FUN_08024570","08024570","undefined FUN_08024570()","48"
"FUN_080245a0","080245a0","undefined FUN_080245a0()","54"
"FUN_0802460c","0802460c","undefined FUN_0802460c()","54"
"FUN_0802464c","0802464c","undefined FUN_0802464c()","66"
"FUN_08024698","08024698","undefined FUN_08024698()","48"
"FUN_080246c8","080246c8","undefined FUN_080246c8()","24"
"FUN_080246e0","080246e0","undefined FUN_080246e0()","36"
"FUN_08024738","08024738","undefined FUN_08024738()","78"
"FUN_08024794","08024794","undefined FUN_08024794()","38"
"FUN_080247c4","080247c4","undefined FUN_080247c4()","92"
"FUN_0802482c","0802482c","undefined FUN_0802482c()","82"
"FUN_08024894","08024894","undefined FUN_08024894()","76"
"FUN_080248f0","080248f0","undefined FUN_080248f0()","68"
"FUN_08024940","08024940","undefined FUN_08024940()","72"
"FUN_08024994","08024994","undefined FUN_08024994()","68"
"FUN_080249e4","080249e4","undefined FUN_080249e4()","68"
"FUN_08024a34","08024a34","undefined FUN_08024a34()","104"
"FUN_08024aac","08024aac","undefined FUN_08024aac()","88"
"FUN_08024b1c","08024b1c","undefined FUN_08024b1c()","80"
"FUN_08024bd8","08024bd8","undefined FUN_08024bd8()","62"
"FUN_08024c90","08024c90","undefined FUN_08024c90()","110"
"FUN_08024d0c","08024d0c","undefined FUN_08024d0c()","176"
"FUN_08024ddc","08024ddc","undefined FUN_08024ddc()","452"
"FUN_08024fcc","08024fcc","undefined FUN_08024fcc()","64"
"FUN_08025064","08025064","undefined FUN_08025064()","152"
"FUN_08025120","08025120","undefined FUN_08025120()","78"
"FUN_0802517c","0802517c","undefined FUN_0802517c()","226"
"FUN_0802528c","0802528c","undefined FUN_0802528c()","52"
"FUN_080252d0","080252d0","undefined FUN_080252d0()","320"
"FUN_08025440","08025440","undefined FUN_08025440()","438"
"FUN_08025628","08025628","undefined FUN_08025628()","178"
"FUN_08025734","08025734","undefined FUN_08025734()","48"
"FUN_08025770","08025770","undefined FUN_08025770()","62"
"FUN_080257b8","080257b8","undefined FUN_080257b8()","60"
"FUN_08025838","08025838","undefined FUN_08025838()","48"
"FUN_080258ac","080258ac","undefined FUN_080258ac()","48"
"FUN_08025920","08025920","undefined FUN_08025920()","48"
"FUN_08025994","08025994","undefined FUN_08025994()","48"
"FUN_08025a08","08025a08","undefined FUN_08025a08()","64"
"FUN_08025a98","08025a98","undefined FUN_08025a98()","202"
"FUN_08025b78","08025b78","undefined FUN_08025b78()","142"
"FUN_08025c4c","08025c4c","undefined FUN_08025c4c()","50"
"FUN_08025d50","08025d50","undefined FUN_08025d50()","426"
"FUN_08025f5c","08025f5c","undefined FUN_08025f5c()","94"
"FUN_08025fd4","08025fd4","undefined FUN_08025fd4()","750"
"FUN_08026380","08026380","undefined FUN_08026380()","300"
"FUN_080264d0","080264d0","undefined FUN_080264d0()","280"
"FUN_08026634","08026634","undefined FUN_08026634()","90"
"FUN_080266ac","080266ac","undefined FUN_080266ac()","304"
"FUN_08026844","08026844","undefined FUN_08026844()","138"
"FUN_080268f4","080268f4","undefined FUN_080268f4()","374"
"FUN_08026ae0","08026ae0","undefined FUN_08026ae0()","282"
"FUN_08026c64","08026c64","undefined FUN_08026c64()","194"
"FUN_08026dd4","08026dd4","undefined FUN_08026dd4()","282"
"FUN_08026f44","08026f44","undefined FUN_08026f44()","390"
"FUN_08027140","08027140","undefined FUN_08027140()","386"
"FUN_08027354","08027354","undefined FUN_08027354()","262"
"FUN_080274ac","080274ac","undefined FUN_080274ac()","190"
"FUN_080275bc","080275bc","undefined FUN_080275bc()","112"
"FUN_08027660","08027660","undefined FUN_08027660()","188"
"FUN_08027778","08027778","undefined FUN_08027778(undefined param_1\, undefined param_2\, undefined param_3\, undefined param_4\, undefined4 param_5)","198"
"FUN_0802786c","0802786c","undefined FUN_0802786c()","56"
"FUN_080278b4","080278b4","undefined FUN_080278b4()","52"
"FUN_080278f8","080278f8","undefined FUN_080278f8()","32"
"FUN_08027920","08027920","undefined FUN_08027920()","72"
"FUN_0802797c","0802797c","undefined FUN_0802797c()","56"
"FUN_080279c4","080279c4","undefined FUN_080279c4()","94"
"FUN_08027a4c","08027a4c","undefined FUN_08027a4c()","104"
"FUN_08027ae8","08027ae8","undefined FUN_08027ae8()","104"
"FUN_08027b84","08027b84","undefined FUN_08027b84()","82"
"FUN_08027bfc","08027bfc","undefined FUN_08027bfc()","98"
"FUN_08027c8c","08027c8c","undefined FUN_08027c8c()","94"
"FUN_08027d18","08027d18","undefined FUN_08027d18()","44"
"FUN_08027d54","08027d54","undefined FUN_08027d54()","70"
"FUN_08027db8","08027db8","undefined FUN_08027db8()","122"
"FUN_08027e38","08027e38","undefined FUN_08027e38()","122"
"FUN_08027eb8","08027eb8","undefined FUN_08027eb8()","122"
"FUN_08027f38","08027f38","undefined FUN_08027f38()","122"
"FUN_08027fb8","08027fb8","undefined FUN_08027fb8()","122"
"FUN_08028038","08028038","undefined FUN_08028038()","122"
"FUN_080280b8","080280b8","undefined FUN_080280b8()","72"
"FUN_08028100","08028100","undefined FUN_08028100()","42"
"FUN_08028190","08028190","undefined FUN_08028190()","50"
"FUN_080281c8","080281c8","undefined FUN_080281c8()","50"
"FUN_08028200","08028200","undefined FUN_08028200()","50"
"FUN_08028238","08028238","undefined FUN_08028238()","50"
"FUN_08028270","08028270","undefined FUN_08028270()","50"
"FUN_080282a8","080282a8","undefined FUN_080282a8()","54"
"FUN_080283f8","080283f8","undefined FUN_080283f8()","122"
"FUN_080284b4","080284b4","undefined FUN_080284b4()","492"
"FUN_08028814","08028814","undefined FUN_08028814()","120"
"FUN_080288b4","080288b4","undefined FUN_080288b4()","596"
"FUN_08028bec","08028bec","undefined FUN_08028bec()","108"
"FUN_08028c80","08028c80","undefined FUN_08028c80()","122"
"FUN_08028d30","08028d30","undefined FUN_08028d30()","356"
"FUN_08029014","08029014","undefined FUN_08029014()","64"
"FUN_08029060","08029060","undefined FUN_08029060()","78"
"FUN_080290e8","080290e8","undefined FUN_080290e8()","168"
"FUN_080291a8","080291a8","undefined FUN_080291a8()","78"
"FUN_08029200","08029200","undefined FUN_08029200()","70"
"FUN_08029250","08029250","undefined FUN_08029250()","1544"
"FUN_080299c0","080299c0","undefined FUN_080299c0()","400"
"FUN_08029ba0","08029ba0","undefined FUN_08029ba0()","110"
"FUN_08029c2c","08029c2c","undefined FUN_08029c2c()","106"
"FUN_08029cc8","08029cc8","undefined FUN_08029cc8()","44"
"FUN_08029cfc","08029cfc","undefined FUN_08029cfc()","104"
"FUN_08029d74","08029d74","undefined FUN_08029d74()","214"
"FUN_08029e60","08029e60","undefined FUN_08029e60()","562"
"FUN_0802a0ec","0802a0ec","undefined FUN_0802a0ec()","272"
"FUN_0802a220","0802a220","undefined FUN_0802a220()","102"
"FUN_0802a298","0802a298","undefined FUN_0802a298()","154"
"FUN_0802a34c","0802a34c","undefined FUN_0802a34c()","144"
"FUN_0802a3f4","0802a3f4","undefined FUN_0802a3f4()","114"
"FUN_0802a480","0802a480","undefined FUN_0802a480()","530"
"FUN_0802a70c","0802a70c","undefined FUN_0802a70c()","212"
"FUN_0802a804","0802a804","undefined FUN_0802a804()","224"
"FUN_0802a8f8","0802a8f8","undefined FUN_0802a8f8()","160"
"FUN_0802a9a4","0802a9a4","undefined FUN_0802a9a4()","570"
"FUN_0802ac48","0802ac48","undefined FUN_0802ac48()","220"
"FUN_0802ad4c","0802ad4c","undefined FUN_0802ad4c()","220"
"FUN_0802ae50","0802ae50","undefined FUN_0802ae50()","164"
"FUN_0802af30","0802af30","undefined FUN_0802af30()","94"
"FUN_0802afb0","0802afb0","undefined FUN_0802afb0()","20"
"FUN_0802afc4","0802afc4","undefined FUN_0802afc4()","20"
"FUN_0802afd8","0802afd8","undefined FUN_0802afd8()","96"
"FUN_0802b08c","0802b08c","undefined FUN_0802b08c()","98"
"FUN_0802b134","0802b134","undefined FUN_0802b134()","98"
"FUN_0802b2d4","0802b2d4","undefined FUN_0802b2d4()","64"
"FUN_0802b31c","0802b31c","undefined FUN_0802b31c()","90"
"FUN_0802b388","0802b388","undefined FUN_0802b388()","60"
"FUN_0802b3c8","0802b3c8","undefined FUN_0802b3c8()","78"
"FUN_0802b490","0802b490","undefined FUN_0802b490()","358"
"FUN_0802b638","0802b638","undefined FUN_0802b638()","66"
"FUN_0802b688","0802b688","undefined FUN_0802b688()","82"
"FUN_0802b6e8","0802b6e8","undefined FUN_0802b6e8()","268"
"FUN_0802b81c","0802b81c","undefined FUN_0802b81c()","298"
"FUN_0802b980","0802b980","undefined FUN_0802b980()","1704"
"FUN_0802c1d4","0802c1d4","undefined FUN_0802c1d4()","110"
"FUN_0802c25c","0802c25c","undefined FUN_0802c25c()","26"
"FUN_0802c28c","0802c28c","undefined FUN_0802c28c()","194"
"FUN_0802c37c","0802c37c","undefined FUN_0802c37c()","448"
"FUN_0802c56c","0802c56c","undefined FUN_0802c56c()","196"
"FUN_0802c654","0802c654","undefined FUN_0802c654()","188"
"FUN_0802c734","0802c734","undefined FUN_0802c734()","132"
"FUN_0802c800","0802c800","undefined FUN_0802c800()","74"
"FUN_0802c85c","0802c85c","undefined FUN_0802c85c()","40"
"FUN_0802c88c","0802c88c","undefined FUN_0802c88c()","108"
"FUN_0802c914","0802c914","undefined FUN_0802c914()","40"
"FUN_0802c944","0802c944","undefined FUN_0802c944()","86"
"FUN_0802c9ac","0802c9ac","undefined FUN_0802c9ac()","40"
"FUN_0802c9dc","0802c9dc","undefined FUN_0802c9dc()","166"
"FUN_0802caac","0802caac","undefined FUN_0802caac()","40"
"FUN_0802cadc","0802cadc","undefined FUN_0802cadc()","78"
"FUN_0802cb64","0802cb64","undefined FUN_0802cb64()","92"
"FUN_0802cbd0","0802cbd0","undefined FUN_0802cbd0()","156"
"FUN_0802cc78","0802cc78","undefined FUN_0802cc78()","688"
"FUN_0802d134","0802d134","undefined FUN_0802d134()","138"
"FUN_0802d1ec","0802d1ec","undefined FUN_0802d1ec()","616"
"FUN_0802d4dc","0802d4dc","undefined FUN_0802d4dc()","348"
"FUN_0802d678","0802d678","undefined FUN_0802d678()","140"
"FUN_0802d8d8","0802d8d8","undefined FUN_0802d8d8()","118"
"FUN_0802d95c","0802d95c","undefined FUN_0802d95c()","30"
"FUN_0802d980","0802d980","undefined FUN_0802d980()","116"
"FUN_0802da00","0802da00","undefined FUN_0802da00()","124"
"FUN_0802da8c","0802da8c","undefined FUN_0802da8c()","120"
"FUN_0802db10","0802db10","undefined FUN_0802db10()","30"
"FUN_0802db34","0802db34","undefined FUN_0802db34()","116"
"FUN_0802dbb4","0802dbb4","undefined FUN_0802dbb4()","82"
"FUN_0802dc0c","0802dc0c","undefined FUN_0802dc0c()","96"
"FUN_0802dc78","0802dc78","undefined FUN_0802dc78()","24"
"FUN_0802dc90","0802dc90","undefined FUN_0802dc90()","54"
"FUN_0802dce0","0802dce0","undefined FUN_0802dce0()","54"
"FUN_0802de2c","0802de2c","undefined FUN_0802de2c()","148"
"FUN_0802ded4","0802ded4","undefined FUN_0802ded4()","74"
"FUN_0802df40","0802df40","undefined FUN_0802df40()","34"
"FUN_0802df68","0802df68","undefined FUN_0802df68()","1398"
"FUN_0802ea4a","0802ea4a","undefined FUN_0802ea4a()","14"
"FUN_0802ea64","0802ea64","undefined FUN_0802ea64()","856"
"FUN_0802f31a","0802f31a","undefined FUN_0802f31a()","8"
"FUN_0802f328","0802f328","undefined FUN_0802f328()","244"
"FUN_0802f428","0802f428","undefined FUN_0802f428()","86"
"FUN_0802f488","0802f488","undefined FUN_0802f488()","208"
"FUN_0802f560","0802f560","undefined FUN_0802f560()","410"
"FUN_0802f748","0802f748","undefined FUN_0802f748()","266"
"FUN_0802fb58","0802fb58","undefined FUN_0802fb58()","178"
"FUN_0802fcb4","0802fcb4","undefined FUN_0802fcb4()","162"
"FUN_0802fdf8","0802fdf8","undefined FUN_0802fdf8()","800"
"FUN_080301f4","080301f4","undefined FUN_080301f4()","134"
"FUN_080302a0","080302a0","undefined FUN_080302a0()","134"
"FUN_0803035c","0803035c","undefined FUN_0803035c()","32"
"FUN_08030390","08030390","undefined FUN_08030390()","38"
"FUN_080303ec","080303ec","undefined FUN_080303ec()","90"
"FUN_0803044c","0803044c","undefined FUN_0803044c()","72"
"FUN_080304a4","080304a4","undefined FUN_080304a4()","52"
"FUN_080304e4","080304e4","undefined FUN_080304e4()","888"
"FUN_08030960","08030960","undefined FUN_08030960()","72"
"FUN_080309c0","080309c0","undefined FUN_080309c0()","22"
"FUN_080309e0","080309e0","undefined FUN_080309e0()","28"
"FUN_08030a08","08030a08","undefined FUN_08030a08()","30"
"FUN_08030a30","08030a30","undefined FUN_08030a30()","72"
"FUN_08030a8c","08030a8c","undefined FUN_08030a8c()","46"
"FUN_08030ac8","08030ac8","undefined FUN_08030ac8()","86"
"FUN_08030b68","08030b68","undefined FUN_08030b68()","86"
"FUN_08030c08","08030c08","undefined FUN_08030c08()","84"
"FUN_08030ca8","08030ca8","undefined FUN_08030ca8()","94"
"FUN_08030d20","08030d20","undefined FUN_08030d20()","28"
"FUN_08030d3c","08030d3c","undefined FUN_08030d3c()","28"
"FUN_08030d58","08030d58","undefined FUN_08030d58()","72"
"FUN_08030dac","08030dac","undefined FUN_08030dac()","92"
"FUN_08030e1c","08030e1c","undefined FUN_08030e1c()","64"
"FUN_08030e6c","08030e6c","undefined FUN_08030e6c()","82"
"FUN_08030ed4","08030ed4","undefined FUN_08030ed4()","78"
"FUN_08030f38","08030f38","undefined FUN_08030f38()","444"
"FUN_080311b4","080311b4","undefined FUN_080311b4()","188"
"FUN_080312c8","080312c8","undefined FUN_080312c8()","40"
"FUN_080312f8","080312f8","undefined FUN_080312f8()","24"
"FUN_08031310","08031310","undefined FUN_08031310()","116"
"FUN_0803139c","0803139c","undefined FUN_0803139c()","328"
"FUN_08031540","08031540","undefined FUN_08031540()","38"
"FUN_080315bc","080315bc","undefined FUN_080315bc()","452"
"FUN_08031e68","08031e68","undefined FUN_08031e68()","1420"
"FUN_08032618","08032618","undefined FUN_08032618()","96"
"FUN_0803268c","0803268c","undefined FUN_0803268c()","120"
"FUN_08032724","08032724","undefined FUN_08032724()","66"
"FUN_08032778","08032778","undefined FUN_08032778()","24"
"FUN_08032790","08032790","undefined FUN_08032790()","40"
"FUN_080327bc","080327bc","undefined FUN_080327bc()","48"
"FUN_080327ec","080327ec","undefined FUN_080327ec()","46"
"FUN_08032ea0","08032ea0","undefined FUN_08032ea0()","90"
"FUN_08032f34","08032f34","undefined FUN_08032f34()","84"
"FUN_08033060","08033060","undefined FUN_08033060()","42"
"FUN_08033090","08033090","undefined FUN_08033090()","104"
"FUN_08033104","08033104","undefined FUN_08033104()","78"
"FUN_0803315c","0803315c","undefined FUN_0803315c()","34"
"FUN_08033184","08033184","undefined FUN_08033184()","64"
"FUN_080331d0","080331d0","undefined FUN_080331d0()","76"
"FUN_08033228","08033228","undefined FUN_08033228()","102"
"FUN_0803329c","0803329c","undefined FUN_0803329c()","120"
"FUN_08033320","08033320","undefined FUN_08033320()","98"
"FUN_08033390","08033390","undefined FUN_08033390()","68"
"FUN_080333dc","080333dc","undefined FUN_080333dc()","36"
"FUN_08033404","08033404","undefined FUN_08033404()","34"
"FUN_0803342c","0803342c","undefined FUN_0803342c()","58"
"FUN_08033474","08033474","undefined FUN_08033474()","100"
"FUN_080334ec","080334ec","undefined FUN_080334ec()","154"
"FUN_080335dc","080335dc","undefined FUN_080335dc()","78"
"FUN_08033b60","08033b60","undefined FUN_08033b60()","66"
"FUN_08033bc4","08033bc4","undefined FUN_08033bc4()","44"
"FUN_08033c20","08033c20","undefined FUN_08033c20()","66"
"FUN_08033c74","08033c74","undefined FUN_08033c74()","66"
"FUN_08033cdc","08033cdc","undefined FUN_08033cdc()","44"
"FUN_08033d10","08033d10","undefined FUN_08033d10()","282"
"FUN_08033e60","08033e60","undefined FUN_08033e60()","204"
"FUN_08033f68","08033f68","undefined FUN_08033f68()","312"
"FUN_080340b8","080340b8","undefined FUN_080340b8()","664"
"FUN_08034430","08034430","undefined FUN_08034430()","132"
"FUN_080344d8","080344d8","undefined FUN_080344d8()","42"
"FUN_08034514","08034514","undefined FUN_08034514()","154"
"FUN_080345cc","080345cc","undefined FUN_080345cc()","108"
"FUN_0803465c","0803465c","undefined FUN_0803465c()","662"
"FUN_080349ac","080349ac","undefined FUN_080349ac()","768"
"FUN_08034d54","08034d54","undefined FUN_08034d54()","98"
"FUN_08034dd0","08034dd0","undefined FUN_08034dd0()","100"
"FUN_08034ef4","08034ef4","undefined FUN_08034ef4()","26"
"FUN_08034f28","08034f28","undefined FUN_08034f28()","562"
"FUN_08035268","08035268","undefined FUN_08035268()","308"
"FUN_08035408","08035408","undefined FUN_08035408()","190"
"FUN_0803551c","0803551c","undefined FUN_0803551c()","188"
"FUN_080355f0","080355f0","undefined FUN_080355f0()","96"
"FUN_08035668","08035668","undefined FUN_08035668()","130"
"FUN_080356f8","080356f8","undefined FUN_080356f8()","84"
"FUN_08035760","08035760","undefined FUN_08035760()","46"
"FUN_08035798","08035798","undefined FUN_08035798()","54"
"FUN_080357d8","080357d8","undefined FUN_080357d8()","70"
"FUN_08035830","08035830","undefined FUN_08035830()","62"
"FUN_0803587c","0803587c","undefined FUN_0803587c()","44"
"FUN_080358dc","080358dc","undefined FUN_080358dc()","36"
"FUN_080359d8","080359d8","undefined FUN_080359d8()","78"
"FUN_08035a2c","08035a2c","undefined FUN_08035a2c()","38"
"FUN_08035a8c","08035a8c","undefined FUN_08035a8c()","60"
"FUN_08035ad8","08035ad8","undefined FUN_08035ad8()","42"
"FUN_08035b08","08035b08","undefined FUN_08035b08()","28"
"FUN_08035b28","08035b28","undefined FUN_08035b28()","42"
"FUN_08035b58","08035b58","undefined FUN_08035b58()","24"
"FUN_08035b74","08035b74","undefined FUN_08035b74()","42"
"FUN_08035ba4","08035ba4","undefined FUN_08035ba4()","24"
"FUN_08035bc0","08035bc0","undefined FUN_08035bc0()","42"
"FUN_08035bf0","08035bf0","undefined FUN_08035bf0()","24"
"FUN_08035c0c","08035c0c","undefined FUN_08035c0c()","24"
"FUN_08035c24","08035c24","undefined FUN_08035c24()","304"
"FUN_08035d8c","08035d8c","undefined FUN_08035d8c()","402"
"FUN_08035fac","08035fac","undefined FUN_08035fac()","78"
"FUN_08036174","08036174","undefined FUN_08036174()","170"
"FUN_08036244","08036244","undefined FUN_08036244()","24"
"FUN_08036260","08036260","undefined FUN_08036260()","36"
"FUN_08036288","08036288","undefined FUN_08036288()","24"
"FUN_080362a4","080362a4","undefined FUN_080362a4()","24"
"FUN_080362c0","080362c0","undefined FUN_080362c0()","24"
"FUN_080362dc","080362dc","undefined FUN_080362dc()","60"
"FUN_08036350","08036350","undefined FUN_08036350()","186"
"FUN_08036428","08036428","undefined FUN_08036428()","150"
"FUN_080364d8","080364d8","undefined FUN_080364d8()","110"
"FUN_08036560","08036560","undefined FUN_08036560()","596"
"FUN_080368c0","080368c0","undefined FUN_080368c0()","20"
"FUN_080368dc","080368dc","undefined FUN_080368dc()","834"
"FUN_08036d90","08036d90","undefined FUN_08036d90()","94"
"FUN_08036e08","08036e08","undefined FUN_08036e08()","82"
"FUN_08036e64","08036e64","undefined FUN_08036e64()","532"
"FUN_080370b8","080370b8","undefined FUN_080370b8()","64"
"FUN_08037148","08037148","undefined FUN_08037148()","1032"
"FUN_080375d8","080375d8","undefined FUN_080375d8()","1112"
"FUN_08037b10","08037b10","undefined FUN_08037b10()","166"
"FUN_080380b0","080380b0","undefined FUN_080380b0()","32"
"FUN_080381a8","080381a8","undefined FUN_080381a8()","38"
"FUN_08038204","08038204","undefined FUN_08038204()","90"
"FUN_08038264","08038264","undefined FUN_08038264()","72"
"FUN_080382bc","080382bc","undefined FUN_080382bc()","100"
"FUN_08038360","08038360","undefined FUN_08038360()","100"
"FUN_08038404","08038404","undefined FUN_08038404()","56"
"FUN_08038448","08038448","undefined FUN_08038448()","462"
"FUN_08038698","08038698","undefined FUN_08038698()","106"
"FUN_08038724","08038724","undefined FUN_08038724()","54"
"FUN_0803876c","0803876c","undefined FUN_0803876c()","22"
"FUN_0803878c","0803878c","undefined FUN_0803878c()","28"
"FUN_080387b4","080387b4","undefined FUN_080387b4()","30"
"FUN_080387dc","080387dc","undefined FUN_080387dc()","54"
"FUN_080388a0","080388a0","undefined FUN_080388a0()","94"
"FUN_08038918","08038918","undefined FUN_08038918()","54"
"FUN_0803895c","0803895c","undefined FUN_0803895c()","60"
"FUN_080389a8","080389a8","undefined FUN_080389a8()","96"
"FUN_08038a20","08038a20","undefined FUN_08038a20()","78"
"FUN_08038a84","08038a84","undefined FUN_08038a84()","448"
"FUN_08038c74","08038c74","undefined FUN_08038c74()","362"
"FUN_08038e04","08038e04","undefined FUN_08038e04()","270"
"FUN_08038f30","08038f30","undefined FUN_08038f30()","244"
"FUN_08039044","08039044","undefined FUN_08039044()","270"
"FUN_08039170","08039170","undefined FUN_08039170()","218"
"FUN_08039260","08039260","undefined FUN_08039260()","242"
"FUN_08039374","08039374","undefined FUN_08039374()","296"
"FUN_080394c0","080394c0","undefined FUN_080394c0()","794"
"FUN_0803984c","0803984c","undefined FUN_0803984c()","662"
"FUN_08039bac","08039bac","undefined FUN_08039bac(undefined param_1\, undefined param_2\, undefined param_3\, undefined param_4\, undefined4 param_5)","106"
"FUN_08039c3c","08039c3c","undefined FUN_08039c3c()","24"
"FUN_08039d28","08039d28","undefined FUN_08039d28()","94"
"FUN_08039da0","08039da0","undefined FUN_08039da0()","24"
"FUN_08039dbc","08039dbc","undefined FUN_08039dbc()","24"
"FUN_08039dd8","08039dd8","undefined FUN_08039dd8()","66"
"FUN_08039e20","08039e20","undefined FUN_08039e20()","306"
"FUN_0803a0f8","0803a0f8","undefined FUN_0803a0f8()","232"
"FUN_0803a3b8","0803a3b8","undefined FUN_0803a3b8()","80"
"FUN_0803a428","0803a428","undefined FUN_0803a428()","76"
"FUN_0803a478","0803a478","undefined FUN_0803a478()","64"
"FUN_0803a4bc","0803a4bc","undefined FUN_0803a4bc()","1120"
"FUN_0803a9dc","0803a9dc","undefined FUN_0803a9dc()","864"
"FUN_0803ae04","0803ae04","undefined FUN_0803ae04()","984"
"FUN_0803b3c4","0803b3c4","undefined FUN_0803b3c4()","144"
"FUN_0803b478","0803b478","undefined FUN_0803b478()","138"
"FUN_0803b5a8","0803b5a8","undefined FUN_0803b5a8()","32"
"FUN_0803b5dc","0803b5dc","undefined FUN_0803b5dc()","90"
"FUN_0803b63c","0803b63c","undefined FUN_0803b63c()","72"
"FUN_0803b69c","0803b69c","undefined FUN_0803b69c()","100"
"FUN_0803b764","0803b764","undefined FUN_0803b764()","100"
"FUN_0803b82c","0803b82c","undefined FUN_0803b82c()","516"
"FUN_0803bac0","0803bac0","undefined FUN_0803bac0()","54"
"FUN_0803bb08","0803bb08","undefined FUN_0803bb08()","30"
"FUN_0803bb34","0803bb34","undefined FUN_0803bb34()","22"
"FUN_0803bb54","0803bb54","undefined FUN_0803bb54()","30"
"FUN_0803bb7c","0803bb7c","undefined FUN_0803bb7c()","56"
"FUN_0803bbc4","0803bbc4","undefined FUN_0803bbc4()","30"
"FUN_0803bbf0","0803bbf0","undefined FUN_0803bbf0()","22"
"FUN_0803bc10","0803bc10","undefined FUN_0803bc10()","30"
"FUN_0803bc38","0803bc38","undefined FUN_0803bc38()","40"
"FUN_0803bc70","0803bc70","undefined FUN_0803bc70()","82"
"FUN_0803bd8c","0803bd8c","undefined FUN_0803bd8c()","94"
"FUN_0803be04","0803be04","undefined FUN_0803be04()","60"
"FUN_0803be50","0803be50","undefined FUN_0803be50()","66"
"FUN_0803bea8","0803bea8","undefined FUN_0803bea8()","58"
"FUN_0803bf68","0803bf68","undefined FUN_0803bf68()","78"
"FUN_0803bfcc","0803bfcc","undefined FUN_0803bfcc()","772"
"FUN_0803c378","0803c378","undefined FUN_0803c378()","982"
"FUN_0803c9c0","0803c9c0","undefined FUN_0803c9c0()","204"
"FUN_0803caa4","0803caa4","undefined FUN_0803caa4()","94"
"FUN_0803cb1c","0803cb1c","undefined FUN_0803cb1c()","24"
"FUN_0803cb38","0803cb38","undefined FUN_0803cb38()","24"
"FUN_0803d034","0803d034","undefined FUN_0803d034()","184"
"FUN_0803d128","0803d128","undefined FUN_0803d128()","46"
"FUN_0803d168","0803d168","undefined FUN_0803d168()","48"
"FUN_0803d1a0","0803d1a0","undefined FUN_0803d1a0()","380"
"FUN_0803d408","0803d408","undefined FUN_0803d408()","244"
"FUN_0803d510","0803d510","undefined FUN_0803d510()","272"
"FUN_0803d63c","0803d63c","undefined FUN_0803d63c()","250"
"FUN_0803d748","0803d748","undefined FUN_0803d748()","198"
"FUN_0803d860","0803d860","undefined FUN_0803d860()","810"
"FUN_0803dd14","0803dd14","undefined FUN_0803dd14()","832"
"FUN_0803e1b0","0803e1b0","undefined FUN_0803e1b0()","1008"
"FUN_0803e6e8","0803e6e8","undefined FUN_0803e6e8()","82"
"FUN_0803e74c","0803e74c","undefined FUN_0803e74c()","78"
"FUN_0803e7a8","0803e7a8","undefined FUN_0803e7a8()","222"
"FUN_0803e8d8","0803e8d8","undefined FUN_0803e8d8()","1254"
"FUN_0803f0c8","0803f0c8","undefined FUN_0803f0c8()","976"
"FUN_0803f6a4","0803f6a4","undefined FUN_0803f6a4()","272"
"FUN_0803f7cc","0803f7cc","undefined FUN_0803f7cc()","68"
"FUN_0803f81c","0803f81c","undefined FUN_0803f81c()","186"
"FUN_0803f8dc","0803f8dc","undefined FUN_0803f8dc()","374"
"FUN_0803fa90","0803fa90","undefined FUN_0803fa90()","130"
"FUN_0803fb2c","0803fb2c","undefined FUN_0803fb2c()","454"
"FUN_0803fd4c","0803fd4c","undefined FUN_0803fd4c()","74"
"FUN_0803fd9c","0803fd9c","undefined FUN_0803fd9c()","244"
"FUN_0803fe98","0803fe98","undefined FUN_0803fe98()","246"
"FUN_0803ff98","0803ff98","undefined FUN_0803ff98()","148"
"FUN_08040044","08040044","undefined FUN_08040044()","306"
"FUN_08040198","08040198","undefined FUN_08040198()","238"
"FUN_08040328","08040328","undefined FUN_08040328()","12"
"FUN_0804033c","0804033c","undefined FUN_0804033c()","32"
"FUN_08040360","08040360","undefined FUN_08040360()","66"
"FUN_080403ac","080403ac","undefined FUN_080403ac()","12"
"FUN_080403c0","080403c0","undefined FUN_080403c0(undefined param_1\, undefined param_2\, undefined param_3\, undefined param_4\, undefined4 param_5)","66"
"FUN_08040408","08040408","undefined FUN_08040408(undefined param_1\, undefined param_2\, undefined param_3\, undefined param_4\, undefined4 param_5)","88"
"FUN_08040460","08040460","undefined FUN_08040460()","8"
"FUN_08040470","08040470","undefined FUN_08040470()","90"
"FUN_080404ec","080404ec","undefined FUN_080404ec()","44"
"FUN_0804051c","0804051c","undefined FUN_0804051c()","76"
"FUN_08040578","08040578","undefined FUN_08040578()","40"
"FUN_080405a8","080405a8","undefined FUN_080405a8()","50"
"FUN_080405e8","080405e8","undefined FUN_080405e8()","8"
"FUN_080405f4","080405f4","undefined FUN_080405f4()","38"
"FUN_08040624","08040624","undefined FUN_08040624()","50"
"FUN_08040684","08040684","undefined FUN_08040684()","14"
"FUN_08040698","08040698","undefined FUN_08040698()","22"
"FUN_080406b4","080406b4","undefined FUN_080406b4()","20"
"FUN_080406d4","080406d4","undefined FUN_080406d4()","130"
"FUN_08040758","08040758","undefined FUN_08040758()","806"
"FUN_08040b6c","08040b6c","undefined FUN_08040b6c()","118"
"FUN_08040bec","08040bec","undefined FUN_08040bec()","166"
"FUN_08040c9c","08040c9c","undefined FUN_08040c9c()","178"
"FUN_08040d6c","08040d6c","undefined FUN_08040d6c()","218"
"FUN_08040e6c","08040e6c","undefined FUN_08040e6c()","734"
"FUN_080411fc","080411fc","undefined FUN_080411fc()","180"
"FUN_080412dc","080412dc","undefined FUN_080412dc()","340"
"FUN_08041458","08041458","undefined FUN_08041458()","214"
"FUN_0804155c","0804155c","undefined FUN_0804155c()","562"
"FUN_08041808","08041808","undefined FUN_08041808()","80"
"FUN_08041860","08041860","undefined FUN_08041860()","164"
"FUN_08041920","08041920","undefined FUN_08041920()","156"
"FUN_080419d4","080419d4","undefined FUN_080419d4()","156"
"FUN_08041a88","08041a88","undefined FUN_08041a88()","262"
"FUN_08041bac","08041bac","undefined FUN_08041bac()","90"
"FUN_08041c14","08041c14","undefined FUN_08041c14()","210"
"FUN_08041d0c","08041d0c","undefined FUN_08041d0c()","260"
"FUN_08041e2c","08041e2c","undefined FUN_08041e2c()","212"
"FUN_08041f24","08041f24","undefined FUN_08041f24()","76"
"FUN_08041f84","08041f84","undefined FUN_08041f84()","166"
"FUN_08042044","08042044","undefined FUN_08042044()","126"
"FUN_080420dc","080420dc","undefined FUN_080420dc()","136"
"FUN_08042180","08042180","undefined FUN_08042180()","162"
"FUN_0804224c","0804224c","undefined FUN_0804224c()","164"
"FUN_0804230c","0804230c","undefined FUN_0804230c()","1142"
"FUN_0804280c","0804280c","undefined FUN_0804280c()","130"
"FUN_080428d0","080428d0","undefined FUN_080428d0()","1420"
"FUN_08042ea8","08042ea8","undefined FUN_08042ea8()","1900"
"FUN_08043640","08043640","undefined FUN_08043640()","94"
"FUN_080436ac","080436ac","undefined FUN_080436ac()","810"
"FUN_08043a3c","08043a3c","undefined FUN_08043a3c()","608"
"FUN_08043cf8","08043cf8","undefined FUN_08043cf8()","92"
"FUN_08043d74","08043d74","undefined FUN_08043d74()","40"
"FUN_08043dac","08043dac","undefined FUN_08043dac()","92"
"FUN_08043e44","08043e44","undefined FUN_08043e44()","20"
"FUN_08043e60","08043e60","undefined FUN_08043e60()","54"
"FUN_08043ea0","08043ea0","undefined FUN_08043ea0()","60"
"FUN_08043ee4","08043ee4","undefined FUN_08043ee4()","24"
"FUN_08043f00","08043f00","undefined FUN_08043f00()","36"
"FUN_08043f2c","08043f2c","undefined FUN_08043f2c()","62"
"FUN_08043f7c","08043f7c","undefined FUN_08043f7c()","58"
"FUN_08043fc0","08043fc0","undefined FUN_08043fc0()","232"
"FUN_080440e4","080440e4","undefined FUN_080440e4()","28"
"FUN_08044100","08044100","undefined FUN_08044100()","1348"
"FUN_080448f2","080448f2","undefined FUN_080448f2()","22"
"FUN_08044908","08044908","undefined FUN_08044908()","14"
"FUN_08044918","08044918","undefined FUN_08044918()","40"
"FUN_08045418","08045418","undefined FUN_08045418()","2"
"FUN_080454d0","080454d0","undefined FUN_080454d0()","152"
"FUN_08045644","08045644","undefined FUN_08045644()","360"
"FUN_080457f0","080457f0","undefined FUN_080457f0()","64"
"FUN_08045840","08045840","undefined FUN_08045840()","198"
"FUN_08045a5c","08045a5c","undefined FUN_08045a5c()","184"
"FUN_08045b1c","08045b1c","undefined FUN_08045b1c()","482"
"FUN_08045d30","08045d30","undefined FUN_08045d30()","170"
"FUN_08045df0","08045df0","undefined FUN_08045df0()","636"
"FUN_080460ac","080460ac","undefined FUN_080460ac()","230"
"FUN_080461b4","080461b4","undefined FUN_080461b4()","256"
"FUN_080462c8","080462c8","undefined FUN_080462c8()","270"
"FUN_080463f4","080463f4","undefined FUN_080463f4()","298"
"FUN_08046538","08046538","undefined FUN_08046538()","282"
"FUN_0804666c","0804666c","undefined FUN_0804666c()","618"
"FUN_08046918","08046918","undefined FUN_08046918()","116"
"FUN_08046998","08046998","undefined FUN_08046998()","120"
"FUN_08047258","08047258","undefined FUN_08047258()","266"
"FUN_08047384","08047384","undefined FUN_08047384()","168"
"FUN_08047448","08047448","undefined FUN_08047448()","358"
"FUN_080475dc","080475dc","undefined FUN_080475dc()","232"
"FUN_080476e0","080476e0","undefined FUN_080476e0()","192"
"FUN_080477c0","080477c0","undefined FUN_080477c0()","138"
"FUN_0804785c","0804785c","undefined FUN_0804785c()","94"
"FUN_080478c8","080478c8","undefined FUN_080478c8()","114"
"FUN_08047948","08047948","undefined FUN_08047948()","154"
"FUN_08047a00","08047a00","undefined FUN_08047a00()","176"
"FUN_08047acc","08047acc","undefined FUN_08047acc()","106"
"FUN_08047d1c","08047d1c","undefined FUN_08047d1c()","344"
"FUN_08047ec4","08047ec4","undefined FUN_08047ec4()","72"
"FUN_08047f20","08047f20","undefined FUN_08047f20()","76"
"FUN_08047f7c","08047f7c","undefined FUN_08047f7c()","58"
"FUN_08047fc0","08047fc0","undefined FUN_08047fc0()","28"
"FUN_08048014","08048014","undefined FUN_08048014()","86"
"FUN_08048200","08048200","undefined FUN_08048200()","86"
"FUN_0804825c","0804825c","undefined FUN_0804825c()","36"
"FUN_08048300","08048300","undefined FUN_08048300()","42"
"thunk_FUN_08048340","0804833c","thunk undefined thunk_FUN_08048340()","4"
"FUN_08048340","08048340","undefined FUN_08048340()","12"
"FUN_0804834c","0804834c","undefined FUN_0804834c()","107"
"FUN_0804876e","0804876e","undefined FUN_0804876e()","2"
"FUN_0804878c","0804878c","undefined FUN_0804878c()","32"
"FUN_080487ac","080487ac","undefined FUN_080487ac()","46"
"FUN_080487dc","080487dc","undefined FUN_080487dc()","22"
"FUN_080487f4","080487f4","undefined FUN_080487f4()","2"
"FUN_080487f6","080487f6","undefined FUN_080487f6()","22"
"FUN_08048810","08048810","undefined FUN_08048810()","2"
"FUN_08048812","08048812","undefined FUN_08048812()","8"
"FUN_0804886c","0804886c","undefined FUN_0804886c()","76"
"FUN_08048bf8","08048bf8","undefined FUN_08048bf8()","2"
"FUN_08048c08","08048c08","undefined FUN_08048c08()","62"
"FUN_08048c4c","08048c4c","undefined FUN_08048c4c()","48"
"FUN_08048c7c","08048c7c","undefined FUN_08048c7c()","502"
"FUN_08048ebc","08048ebc","undefined FUN_08048ebc()","26"
"FUN_08048ed8","08048ed8","undefined FUN_08048ed8()","10"
"FUN_08048f0c","08048f0c","undefined FUN_08048f0c()","92"
"FUN_08048f74","08048f74","undefined FUN_08048f74()","24"
"FUN_08048f94","08048f94","undefined FUN_08048f94()","30"
"FUN_08048fb8","08048fb8","undefined FUN_08048fb8()","84"
"FUN_08049030","08049030","undefined FUN_08049030()","10"
"FUN_0804903c","0804903c","undefined FUN_0804903c()","36"
"FUN_080490b4","080490b4","undefined FUN_080490b4()","74"
"FUN_08049170","08049170","undefined FUN_08049170()","36"
"FUN_080491d4","080491d4","undefined FUN_080491d4()","14"
"FUN_080491e4","080491e4","undefined FUN_080491e4()","28"
"FUN_08049208","08049208","undefined FUN_08049208()","36"
"FUN_08049234","08049234","undefined FUN_08049234()","98"
"FUN_0804929c","0804929c","undefined FUN_0804929c()","200"
"FUN_080493b8","080493b8","undefined FUN_080493b8()","14"
"FUN_080493cc","080493cc","undefined FUN_080493cc()","14"
"FUN_080493e0","080493e0","undefined FUN_080493e0()","184"
"FUN_080494d8","080494d8","undefined FUN_080494d8()","88"
"FUN_08049544","08049544","undefined FUN_08049544()","136"
"FUN_080495d8","080495d8","undefined FUN_080495d8()","76"
"FUN_0804962c","0804962c","undefined FUN_0804962c()","100"
"FUN_080496ac","080496ac","undefined FUN_080496ac()","90"
"FUN_08049724","08049724","undefined FUN_08049724()","98"
"FUN_080497a4","080497a4","undefined FUN_080497a4()","106"
"FUN_0804981c","0804981c","undefined FUN_0804981c()","222"
"FUN_08049900","08049900","undefined FUN_08049900()","60"
"FUN_08049940","08049940","undefined FUN_08049940()","194"
"FUN_08049a08","08049a08","undefined FUN_08049a08()","178"
"FUN_08049b64","08049b64","undefined FUN_08049b64()","64"
"FUN_08049bb8","08049bb8","undefined FUN_08049bb8()","102"
"FUN_0804a0a0","0804a0a0","undefined FUN_0804a0a0()","32"
"FUN_0804a0c4","0804a0c4","undefined FUN_0804a0c4()","100"
"FUN_0804a12c","0804a12c","undefined FUN_0804a12c()","112"
"FUN_0804a1a0","0804a1a0","undefined FUN_0804a1a0()","100"
"FUN_0804a208","0804a208","undefined FUN_0804a208()","36"
"FUN_0804a22c","0804a22c","undefined FUN_0804a22c()","110"
"FUN_0804a2a0","0804a2a0","undefined FUN_0804a2a0()","110"
"FUN_0804a314","0804a314","undefined FUN_0804a314()","260"
"FUN_0804a46c","0804a46c","undefined FUN_0804a46c()","26"
"FUN_0804a48c","0804a48c","undefined FUN_0804a48c()","14"
"FUN_0804a4a0","0804a4a0","undefined FUN_0804a4a0()","54"
"FUN_0804a590","0804a590","undefined FUN_0804a590()","4"
"FUN_0804a594","0804a594","undefined FUN_0804a594()","4"
"FUN_0804a598","0804a598","undefined FUN_0804a598()","4"
"FUN_0804a59c","0804a59c","undefined FUN_0804a59c()","4"
"FUN_0804a5a0","0804a5a0","undefined FUN_0804a5a0()","4"
"FUN_0804a5a4","0804a5a4","undefined FUN_0804a5a4()","6"
"FUN_0804a5ac","0804a5ac","undefined FUN_0804a5ac()","6"
"FUN_0804a5b4","0804a5b4","undefined FUN_0804a5b4()","4"
"FUN_0804a5b8","0804a5b8","undefined FUN_0804a5b8()","4"
"FUN_0804a5bc","0804a5bc","undefined FUN_0804a5bc()","6"
"FUN_0804a5c4","0804a5c4","undefined FUN_0804a5c4()","4"
"FUN_0804a5c8","0804a5c8","undefined FUN_0804a5c8()","4"
"FUN_0804a5cc","0804a5cc","undefined FUN_0804a5cc()","4"
"FUN_0804a5d0","0804a5d0","undefined FUN_0804a5d0()","6"
"FUN_0804a5d8","0804a5d8","undefined FUN_0804a5d8()","32"
"FUN_0804a5f8","0804a5f8","undefined FUN_0804a5f8()","28"
"FUN_0804a61c","0804a61c","undefined FUN_0804a61c()","122"
"FUN_0804a6e0","0804a6e0","undefined FUN_0804a6e0()","42"
"FUN_0804a71c","0804a71c","undefined FUN_0804a71c()","130"
"FUN_0804a7c4","0804a7c4","undefined FUN_0804a7c4()","46"
"FUN_0804a80c","0804a80c","undefined FUN_0804a80c()","48"
"FUN_0804a870","0804a870","undefined FUN_0804a870()","130"
"FUN_0804a93c","0804a93c","undefined FUN_0804a93c()","124"
"FUN_0804a9d4","0804a9d4","undefined FUN_0804a9d4()","126"
"FUN_0804aa6c","0804aa6c","undefined FUN_0804aa6c()","64"
"FUN_0804aab0","0804aab0","undefined FUN_0804aab0()","68"
"FUN_0804aaf8","0804aaf8","undefined FUN_0804aaf8()","108"
"FUN_0804ab8c","0804ab8c","undefined FUN_0804ab8c()","118"
"FUN_0804ac14","0804ac14","undefined FUN_0804ac14()","90"
"FUN_0804ac88","0804ac88","undefined FUN_0804ac88()","124"
"FUN_0804ad24","0804ad24","undefined FUN_0804ad24()","44"
"FUN_0804ad5c","0804ad5c","undefined FUN_0804ad5c()","250"
"FUN_0804aea4","0804aea4","undefined FUN_0804aea4()","20"
"FUN_0804aebc","0804aebc","undefined FUN_0804aebc()","138"
"FUN_0804af68","0804af68","undefined FUN_0804af68()","2"
"FUN_0804af6c","0804af6c","undefined FUN_0804af6c()","2"
"FUN_0804af70","0804af70","undefined FUN_0804af70()","2"
"FUN_0804af74","0804af74","undefined FUN_0804af74()","2"
"FUN_0804af78","0804af78","undefined FUN_0804af78()","2"
"FUN_0804af7c","0804af7c","undefined FUN_0804af7c()","2"
"FUN_0804af90","0804af90","undefined FUN_0804af90()","2"
"FUN_0804afa4","0804afa4","undefined FUN_0804afa4()","146"
"FUN_0804b038","0804b038","undefined FUN_0804b038()","2"
"FUN_0804b03c","0804b03c","undefined FUN_0804b03c()","206"
"FUN_0804b10c","0804b10c","undefined FUN_0804b10c()","930"
"FUN_0804b4e4","0804b4e4","undefined FUN_0804b4e4()","120"
"FUN_0804b55c","0804b55c","undefined FUN_0804b55c()","192"
"FUN_0804b61c","0804b61c","undefined FUN_0804b61c()","72"
"FUN_0804b664","0804b664","undefined FUN_0804b664()","94"
"FUN_0804b6c4","0804b6c4","undefined FUN_0804b6c4()","82"
"FUN_08070b0c","08070b0c","undefined FUN_08070b0c()","48"
"FUN_0807134c","0807134c","undefined FUN_0807134c()","1"
"FUN_08071360","08071360","undefined FUN_08071360()","1"
"FUN_08087506","08087506","undefined FUN_08087506()","2"
"FUN_0827075e","0827075e","undefined FUN_0827075e()","2"
"FUN_08270f62","08270f62","undefined FUN_08270f62()","4"
"FUN_082fe970","082fe970","undefined FUN_082fe970()","4"
"FUN_082fea08","082fea08","undefined FUN_082fea08()","1"
"FUN_083f0eb0","083f0eb0","undefined FUN_083f0eb0()","1"
"FUN_083fe96c","083fe96c","undefined FUN_083fe96c()","12"
"FUN_085f0f08","085f0f08","undefined FUN_085f0f08()","4"
"FUN_085f0f0c","085f0f0c","undefined FUN_085f0f0c()","16"
"FUN_08b841d8","08b841d8","undefined FUN_08b841d8()","72"
"FUN_08eeb778","08eeb778","undefined FUN_08eeb778()","44"
"FUN_08ef438c","08ef438c","undefined FUN_08ef438c()","28"
